<?xml version="1.0" encoding="ISO-8859-1"?>
<beans xmlns="http://www.springframework.org/schema/beans"
	xmlns:xsi="http://www.w3.org/2001/XMLSchema-instance" 
	xmlns:aop="http://www.springframework.org/schema/aop"
	xmlns:p="http://www.springframework.org/schema/p"
	xmlns:tx="http://www.springframework.org/schema/tx"
	xmlns:jdbc="http://www.springframework.org/schema/jdbc"
	xsi:schemaLocation="http://www.springframework.org/schema/beans 
           http://www.springframework.org/schema/beans/spring-beans-3.0.xsd
           http://www.springframework.org/schema/tx 
           http://www.springframework.org/schema/tx/spring-tx-3.0.xsd
           http://www.springframework.org/schema/jdbc 
           http://www.springframework.org/schema/jdbc/spring-jdbc-3.0.xsd
           http://www.springframework.org/schema/aop 
           http://www.springframework.org/schema/aop/spring-aop-3.0.xsd">

	<aop:aspectj-autoproxy/>
	
	<!-- Creates an in-memory database populated with test data for fast testing -->
	<jdbc:embedded-database id="dataSource" type="HSQL">
		<jdbc:script location="classpath:/scripts/db-auth-hsqldb-schema.sql" />
		<jdbc:script location="classpath:/scripts/db-auth-hsqldb-data.sql" />
	</jdbc:embedded-database>
	
	<bean id="jpaVendorAdapter" class="org.springframework.orm.jpa.vendor.HibernateJpaVendorAdapter">
		<description>Specify Hibernate as the the JPA provider</description>
		<property name="showSql"			value="${persistence.showSQL:true}"									/>
		<property name="generateDdl"		value="${persistence.generateDdl:false}"							/>
		<property name="database"			value="${persistence.database:HSQL}"								/>
		<property name="databasePlatform"	value="${persistence.dialect:org.hibernate.dialect.HSQLDialect}"	/>
	</bean>
	
	<!-- 
		Informem el tipus de transaccionalitat dels diferents m�todes del dao.
		Aquesta transaccionalitat hauria d'estar definida a nivell de BO.
		No es necessari que s'informi aquesta transaccionalitat via XML, es pot
		marcar com a annotaci�.
		Exemple:
			
			
			@Transactional(readOnly = true)
			public class DefaultFooService implements FooService {
			
			    public Foo getFoo(String fooName) {
			        // do something
			    }
			
			    // these settings have precedence for this method
			    @Transactional(readOnly = false, propagation = Propagation.REQUIRES_NEW)
			    public void updateFoo(Foo foo) {
			        // do something
			    }
			}
	 -->
	<tx:advice id="txAdvice">
		<tx:attributes>
			<tx:method name="get*"		propagation="REQUIRED" read-only="true" />
			<tx:method name="filter*"	propagation="REQUIRED" read-only="true" />
			<tx:method name="find*"		propagation="REQUIRED" read-only="true" />
			<tx:method name="load*"		propagation="SUPPORTS" read-only="true" />
			<tx:method name="save*"		propagation="REQUIRED" />
			<tx:method name="update*"	propagation="REQUIRED" />
			<tx:method name="delete*"	propagation="REQUIRED" />
			<tx:method name="insert*"	propagation="REQUIRED" />
		</tx:attributes>
	</tx:advice>
	
	<aop:aspectj-autoproxy/>
	
	<bean id="usuariDAO" class="cat.gencat.demo.canigo3.richfaces4.dao.impl.UsuariDAOImpl" parent="genericDAO" />
	<bean id="maquinaDAO" class="cat.gencat.demo.canigo3.richfaces4.dao.impl.MaquinaDAOImpl" parent="genericDAO" />
	<bean id="clusterDAO" class="cat.gencat.demo.canigo3.richfaces4.dao.impl.ClusterDAOImpl" parent="genericDAO" />
	<bean id="ariadnaDAO" class="cat.gencat.demo.canigo3.richfaces4.dao.impl.AriadnaDAOImpl" parent="genericDAO" />

</beans>