<?xml version="1.0" encoding="UTF-8"?>
<beans xmlns="http://www.springframework.org/schema/beans"
	xmlns:context="http://www.springframework.org/schema/context"
	xmlns:aop="http://www.springframework.org/schema/aop"
	xmlns:xsi="http://www.w3.org/2001/XMLSchema-instance" 
	xmlns:p="http://www.springframework.org/schema/p"
	xmlns:util="http://www.springframework.org/schema/util"
	xsi:schemaLocation="http://www.springframework.org/schema/beans 
            http://www.springframework.org/schema/beans/spring-beans-3.0.xsd
            http://www.springframework.org/schema/aop 
			http://www.springframework.org/schema/aop/spring-aop-3.0.xsd
			http://www.springframework.org/schema/context 
			http://www.springframework.org/schema/context/spring-context-3.0.xsd
			http://www.springframework.org/schema/util 
			http://www.springframework.org/schema/util/spring-util-3.0.xsd">
	
	<bean lazy-init="true" id="menuBean" class="cat.gencat.ctti.canigo.arch.web.jsf.MenuBean">
		<property name="menu">
			<map>
				<entry key="defaultOpt">
				<list>
					<map>
						<entry key="value" value="menuDemo"></entry>
						<entry key="submenu">
							<list>
<!--								<map>-->
<!--									<entry key="value" value="menuDemoLlistarUsuaris"></entry>-->
<!--									<entry key="link" value="llistaUsers.xhtml"></entry>-->
<!--								</map>-->
								<map>
									<entry key="value" value="menuDemoFormulariSimple"></entry>
									<entry key="link" value="formulariSimple.xhtml"></entry>
								</map>
								<map>
									<entry key="value" value="menuDemoCercarUsuaris"></entry>
									<entry key="link" value="cercarUsers.xhtml"></entry>
								</map>
								<map>
									<entry key="value" value="menuDemoTaules"></entry>
									<entry key="link" value="taules.xhtml"></entry>
								</map>
								<map>
									<entry key="value" value="menuDemoPresentacioDades"></entry>
									<entry key="link" value="presentacioDades.xhtml"></entry>
								</map>
								<map>
									<entry key="value" value="menuDemoErrorsiAvisos"></entry>
									<entry key="link" value="errorsiavisos.xhtml"></entry>
								</map>
								<map>
									<entry key="value" value="menuDemoFormulariPassos"></entry>
									<entry key="link" value="formulariPasos.xhtml"></entry>
								</map>
								<map>
									<entry key="value" value="menuDemoMultiplesForms"></entry>
									<entry key="link" value="multiplesForms.xhtml"></entry>
								</map>
<!--								<map>-->
<!--									<entry key="value" value="menuDemoMostrarPestanyes"></entry>-->
<!--									<entry key="link" value="pestanyes.xhtml"></entry>-->
<!--								</map>-->
<!--								<map>-->
<!--									<entry key="value" value="menuDemoMostrarInformes"></entry>-->
<!--									<entry key="link" value="informes.xhtml"></entry>-->
<!--								</map>-->
<!--								<map>-->
<!--									<entry key="value" value="menuDemoLlistarAgrupacio"></entry>-->
<!--									<entry key="link" value="llistaMaquines.xhtml"></entry>-->
<!--								</map>-->
<!--								<map>-->
<!--									<entry key="value" value="menuDemoPujarArxius"></entry>-->
<!--									<entry key="link" value="pujadaArxius.xhtml"></entry>-->
<!--								</map>-->
							</list>
						</entry>
					</map>
					<map>
						<entry key="value" value="menuAdministracio"></entry>
						<entry key="submenu">
							<list>
								<map>
									<entry key="value" value="menuExemplesMonitoring"></entry>
									<entry key="link" value="monitoring.xhtml"></entry>
								</map>
								<map>
									<entry key="value" value="menuExamplesLogLevel"></entry>
									<entry key="link" value="logLevel.xhtml"></entry>
								</map>
								<map>
									<entry key="value" value="menuExemplesPropertyExpose"></entry>
									<entry key="link" value="propertyExpose.xhtml"></entry>
								</map>
								<map>
									<entry key="value" value="menuExemplesModuleLoaded"></entry>
									<entry key="link" value="moduleList.xhtml"></entry>
								</map>
							</list>
						</entry>
					</map>
				</list>
				</entry>
			</map>
		</property>
	</bean>

</beans>