<?xml version="1.0" encoding="UTF-8"?>
<faces-config version="2.0" xmlns="http://java.sun.com/xml/ns/javaee"
	xmlns:xi="http://www.w3.org/2001/XInclude" xmlns:xsi="http://www.w3.org/2001/XMLSchema-instance"
	xsi:schemaLocation="http://java.sun.com/xml/ns/javaee http://java.sun.com/xml/ns/javaee/web-facesconfig_2_0.xsd">


	<application>

		<!-- Spring expression language resolver. It is used to resolve Spring 
			beans on JSF configuration files -->
		<variable-resolver>org.springframework.web.jsf.SpringBeanVariableResolver</variable-resolver>
		<!-- Facelets view handler -->
		<view-handler>cat.gencat.ctti.canigo.arch.web.jsf.view.CanigoViewHandler</view-handler>

		<!-- Default locale and supported locales by the application -->
		<locale-config>
			<default-locale>ca_ES</default-locale>
			<supported-locale>es</supported-locale>
			<supported-locale>en</supported-locale>
			<supported-locale>de</supported-locale>
		</locale-config>
		<resource-bundle>
			<base-name>config.i18n.applicationResources</base-name>
			<var>msg</var>
		</resource-bundle>

	</application>

	<!-- Navigations rules defined by application -->
	<navigation-rule>
		<navigation-case>
			<from-outcome>logout</from-outcome>
			<to-view-id>/views/logout.xhtml</to-view-id>
		</navigation-case>
		<navigation-case>
			<from-outcome>monitoring</from-outcome>
			<to-view-id>/views/monitoring.xhtml</to-view-id>
		</navigation-case>
		<navigation-case>
			<from-outcome>propietats</from-outcome>
			<to-view-id>/views/propertyExpose.xhtml</to-view-id>
		</navigation-case>
		<navigation-case>
			<from-outcome>moduls</from-outcome>
			<to-view-id>/views/moduleList.xhtml</to-view-id>
		</navigation-case>
		<navigation-case>
			<from-outcome>canviLogs</from-outcome>
			<to-view-id>/views/logLevel.xhtml</to-view-id>
		</navigation-case>

		
	</navigation-rule>

	<validator>
		<validator-id>canigo.emailValidator</validator-id>
		<validator-class>
			cat.gencat.ctti.canigo.arch.web.validators.custom.EmailValidator</validator-class>
	</validator>

	<factory>
	  <exception-handler-factory>
	    cat.gencat.formacio.exceptions.CustomExceptionHandlerFactory
	  </exception-handler-factory>
	</factory>

</faces-config>
