<assembly>
  <id>dynamic</id>
  <formats>
    <format>war</format>
  </formats>
  <includeBaseDirectory>false</includeBaseDirectory>
  <fileSets>
    <fileSet>
      <directory>target/formacio</directory>
      <outputDirectory>/</outputDirectory>
      <includes>
      	<include>WEB-INF/**/*.*</include>
      	<include>**/*.jsf</include>
      	<include>**/*.xhtml</include>
		<include>**/*.cfg</include>
      </includes>
      <excludes>
      	<exclude>**/*.html</exclude>
      	<exclude>**/*.htm</exclude>
      	<exclude>css/**/*</exclude>
      	<exclude>images/**/*</exclude>
      	<exclude>scripts/**/*</exclude>
      	<exclude>config/**/*</exclude>
      	<!-- Excluem el pom perque s'incloura el de la carpeta distribution -->
<!--      	<exclude>pom.xml</exclude>-->
<!--      	<exclude>WEB-INF/jsp/login.jsp</exclude>-->
<!--      	<exclude>distribution/**</exclude>-->
      </excludes>
    </fileSet>
  </fileSets>
<!--  <files>-->
<!--  	<file>-->
<!--  	  <source>distribution/pom.xml</source>-->
<!--  	  <outputDirectory>/</outputDirectory>-->
<!--  	</file>-->
<!--  	<file>-->
<!--  	  <source>distribution/web/login.jsp</source>-->
<!--  	  <outputDirectory>WEB-INF/jsp/</outputDirectory>-->
<!--  	</file>-->
<!--  </files>-->
</assembly>