<assembly>
  <id>static</id>
  <formats>
    <format>zip</format>
  </formats>
  <includeBaseDirectory>false</includeBaseDirectory>
  <fileSets>
    <fileSet>
      <directory>target/demo.canigo3.richfaces4</directory>
      <outputDirectory>/</outputDirectory>
      <includes>
      	<include>**/*.html</include>
      	<include>**/*.htm</include>
      	<include>css/**/*</include>
      	<include>images/**/*</include>
      	<include>scripts/**/*</include>
      </includes>
    </fileSet>
  </fileSets>
</assembly>