<?xml version="1.0" encoding="UTF-8"?>
<faces-config version="2.0" xmlns="http://java.sun.com/xml/ns/javaee"
 xmlns:xi="http://www.w3.org/2001/XInclude"
 xmlns:xsi="http://www.w3.org/2001/XMLSchema-instance" xsi:schemaLocation="http://java.sun.com/xml/ns/javaee http://java.sun.com/xml/ns/javaee/web-facesconfig_2_0.xsd">


	<application>

		<!--
			Spring expression language resolver. It is used to resolve Spring
			beans on JSF configuration files
		-->
		<variable-resolver>org.springframework.web.jsf.SpringBeanVariableResolver</variable-resolver>
		<!-- 
			Facelets view handler 
		-->
		<view-handler>cat.gencat.ctti.canigo.arch.web.jsf.view.CanigoViewHandler</view-handler>
		
		<!-- 
			Default locale and supported locales by the application
        -->
		<locale-config>
			<default-locale>ca_ES</default-locale>
			<supported-locale>es</supported-locale>
			<supported-locale>en</supported-locale>
			<supported-locale>de</supported-locale>
		</locale-config>
		<resource-bundle>
            <base-name>config.i18n.applicationResources</base-name>
            <var>msg</var>
        </resource-bundle>
        
	</application>
	
	<!-- 
		Navigations rules defined by application
	 -->
	<!-- INI: Modificacions per utilitzar chartCreator -->
 	<component>
  		<component-type>net.sf.jsfcomp.chartcreator.UIChart</component-type>
  		<component-class>net.sf.jsfcomp.chartcreator.component.UIChart</component-class>
 	</component>
 	<component>
  		<component-type>net.sf.jsfcomp.chartcreator.UIChartAxis</component-type>
  		<component-class>net.sf.jsfcomp.chartcreator.component.UIChartAxis</component-class>
 	</component>
 	<!-- FIN: Modificacions per utilitzar chartCreator -->
 	
	<navigation-rule>
        <navigation-case>
            <from-outcome>logout</from-outcome>
            <to-view-id>/views/logout.xhtml</to-view-id>
        </navigation-case>
        <navigation-case>
            <from-outcome>monitoring</from-outcome>
            <to-view-id>/views/monitoring.xhtml</to-view-id>
        </navigation-case>
        <navigation-case>
            <from-outcome>propietats</from-outcome>
            <to-view-id>/views/propertyExpose.xhtml</to-view-id>
        </navigation-case>
        <navigation-case>
            <from-outcome>moduls</from-outcome>
            <to-view-id>/views/moduleList.xhtml</to-view-id>
        </navigation-case>
        <navigation-case>
		   <from-outcome>canviLogs</from-outcome>
		   <to-view-id>/views/logLevel.xhtml</to-view-id>
		</navigation-case>
		
		<!-- INI:Navegacions de l'Aplicació -->
		<navigation-case>
   			<from-outcome>llistaUsers</from-outcome>
   			<to-view-id>/views/llistaUsers.jsf</to-view-id>
  		</navigation-case>
  		<navigation-case>
   			<from-outcome>formulariSimple</from-outcome>
   			<to-view-id>/views/formulariSimple.jsf</to-view-id>
  		</navigation-case>
	  	<navigation-case>
	   		<from-outcome>pestanyes</from-outcome>
	   		<to-view-id>/views/pestanyes.jsf</to-view-id>
	  	</navigation-case>
	  	<navigation-case>
	   		<from-outcome>informes</from-outcome>
	   		<to-view-id>/views/informes.jsf</to-view-id>
	  	</navigation-case>
	  	<navigation-case>
	   		<from-outcome>cercarUsers</from-outcome>
	   		<to-view-id>/views/cercarUsers.jsf</to-view-id>
	  	</navigation-case>
	  	<navigation-case>
	   		<from-outcome>llistaMaquines</from-outcome>
	   		<to-view-id>/views/llistaMaquines.jsf</to-view-id>
	  	</navigation-case>
	  	<navigation-case>
	   		<from-outcome>carregaFitxer</from-outcome>
	   		<to-view-id>/views/pujadaArxius.jsf</to-view-id>
	  	</navigation-case>
	  	<navigation-case>
	   		<from-outcome>enviaMail</from-outcome>
	   		<to-view-id>/views/enviaMail.jsf</to-view-id>
	  	</navigation-case>
		<!-- FIN:Navegacions de l'Aplicació -->
    </navigation-rule> 

</faces-config>
