<?xml version="1.0" encoding="UTF-8"?>
<wls:weblogic-web-app xmlns:wls="http://www.bea.com/ns/weblogic/weblogic-web-app"
	xmlns:xsi="http://www.w3.org/2001/XMLSchema-instance"
	xsi:schemaLocation="http://java.sun.com/xml/ns/javaee http://java.sun.com/xml/ns/javaee/web-app_2_5.xsd http://www.bea.com/ns/weblogic/weblogic-web-app http://www.bea.com/ns/weblogic/weblogic-web-app/1.0/weblogic-web-app.xsd">

	<!--
		The jsp-descriptor element specifies a list of configuration
		parameters for the JSP compiler page-check-seconds: * The value -1
		means never check the pages. This is the default value in a production
		environment. * The value 0 means always check the pages. * The value 1
		means check the pages every second. This is the default value in a
		development environment. precompile: * When set to true, WebLogic
		Server automatically precompiles all modified JSPs when the Web
		application is deployed or re-deployed or when starting WebLogic
		Server. verbose: * When set to true, debugging information is printed
		out to the browser, the command prompt, and WebLogic Server log file.

		encoding: * Specifies the default character set used in the JSP page.
	-->
	
<!--	<wls:library-ref>-->
<!--		<wls:library-name>jsf</wls:library-name>-->
<!--	    <wls:specification-version>2.0</wls:specification-version>-->
<!--	    <wls:implementation-version>1.0.0.0_2-0-2</wls:implementation-version>-->
<!--	    <wls:exact-match>false</wls:exact-match>-->
<!--	</wls:library-ref>-->
	
	<wls:jsp-descriptor>
		<wls:page-check-seconds>-1</wls:page-check-seconds>
		<wls:precompile>false</wls:precompile>
		<wls:verbose>false</wls:verbose>
	</wls:jsp-descriptor>

	<!--
		Specifies a list of parameters that affect the behavior of the Web
		application servlet-reload-check-secs: element defines whether a
		WebLogic Server will check to see if a servlet has been modified, and
		if it has been modified, reloads it. * The value -1 means never check
		the servlets. This is the default value in a production environment. *
		The value 0 means always check the servlets. * The value 1 means check
		the servlets every second. This is the default value in a development
		environment. save-sessions-enabled: Element controls whether session
		data is cleaned up during redeploy or undeploy. It affects memory and
		replicated sessions. Setting the value to true means session data is
		saved. Setting to false means session data will be destroyed when the
		Web application is redeployed or undeployed. The default is false.
	-->
	<wls:container-descriptor>
		<wls:servlet-reload-check-secs>-1</wls:servlet-reload-check-secs>
		<wls:save-sessions-enabled>false</wls:save-sessions-enabled>
		<wls:prefer-web-inf-classes>true</wls:prefer-web-inf-classes>
		<wls:optimistic-serialization>false</wls:optimistic-serialization>
	</wls:container-descriptor>

</wls:weblogic-web-app>