<?xml version="1.0" encoding="UTF-8"?>
<beans xmlns="http://www.springframework.org/schema/beans"
	xmlns:context="http://www.springframework.org/schema/context"
	xmlns:aop="http://www.springframework.org/schema/aop"
	xmlns:xsi="http://www.w3.org/2001/XMLSchema-instance" 
	xmlns:p="http://www.springframework.org/schema/p"
	xmlns:util="http://www.springframework.org/schema/util"
	xsi:schemaLocation="http://www.springframework.org/schema/beans 
            http://www.springframework.org/schema/beans/spring-beans-3.0.xsd
            http://www.springframework.org/schema/aop 
			http://www.springframework.org/schema/aop/spring-aop-3.0.xsd
			http://www.springframework.org/schema/context 
			http://www.springframework.org/schema/context/spring-context-3.0.xsd
			http://www.springframework.org/schema/util 
			http://www.springframework.org/schema/util/spring-util-3.0.xsd">
	
	<bean lazy-init="true" id="menuBean" class="cat.gencat.ctti.canigo.arch.web.jsf.MenuBean">
		<property name="menu">
			<map>
				<entry key="default">
				<list>
					<map>
						<entry key="value" value="menuManteniments"></entry>
						<entry key="submenu">
							<list>
								<map>
									<entry key="value" value="menuLlistatUsuaris"></entry>
									<entry key="link" value="/views/cruds/usuaris/llistat.xhtml"></entry>
								</map>
								<map>
									<entry key="value" value="menuAltaUsuari"></entry>
									<entry key="link" value="/views/cruds/usuaris/alta.xhtml"></entry>
								</map>
							</list>
						</entry>
					</map>
					<map>
						<entry key="value" value="menuTests"></entry>
						<entry key="submenu">
							<list>
								<map>
									<entry key="value" value="menuTestFileUpload"></entry>
									<entry key="link" value="/views/testFileUpload/testFileUpload.xhtml"></entry>
								</map>
								<map>
									<entry key="value" value="menuTestEstilsComponents"></entry>
									<entry key="link" value="/views/testEstilsComponents/testEstils.xhtml"></entry>
								</map>
							</list>
						</entry>
					</map>
					<map>
						<entry key="value" value="menuAdministracio"></entry>
						<entry key="submenu">
							<list>
								<map>
									<entry key="value" value="menuExemplesMonitoring"></entry>
									<entry key="link" value="/views/monitoring.xhtml"></entry>
								</map>
								<map>
									<entry key="value" value="menuExamplesLogLevel"></entry>
									<entry key="link" value="/views/logLevel.xhtml"></entry>
								</map>
								<map>
									<entry key="value" value="menuExemplesPropertyExpose"></entry>
									<entry key="link" value="/views/propertyExpose.xhtml"></entry>
								</map>
								<map>
									<entry key="value" value="menuExemplesModuleLoaded"></entry>
									<entry key="link" value="/views/moduleList.xhtml"></entry>
								</map>
							</list>
						</entry>
					</map>
				</list>
				</entry>
			</map>
		</property>
	</bean>

</beans>